{
  "$schema": "http://json-schema.org/draft-07/schema#",
  "title": "Enigma Project State",
  "description": "Defines the structure of the state.json file for each user project. This context is injected into the AI prompt.",
  "type": "object",
  "properties": {
    "project_info": {
      "type": "object",
      "description": "Basic metadata about the project.",
      "properties": {
        "id": { "type": "string" },
        "name": { "type": "string" },
        "description": { "type": "string" },
        "created_at": { "type": "string", "format": "date-time" },
        "last_active": { "type": "string", "format": "date-time" }
      },
      "required": ["name"]
    },
    "strategy": {
      "type": "object",
      "description": "High-level business strategy context.",
      "properties": {
        "target_audience": { 
          "type": "string", 
          "description": "Who is the customer? Demographics, psychographics." 
        },
        "problem_solution": { 
          "type": "string", 
          "description": "What pain point does this project solve?" 
        },
        "unique_value_proposition": { 
          "type": "string", 
          "description": "Why us?" 
        },
        "business_model": { 
          "type": "string", 
          "description": "How does it make money?" 
        }
      }
    },
    "brand_identity": {
      "type": "object",
      "description": "Visual and verbal identity context.",
      "properties": {
        "tone_of_voice": { "type": "string" },
        "archetype": { "type": "string" },
        "key_themes": { "type": "array", "items": { "type": "string" } },
        "color_palette_ref": { "type": "string" }
      }
    },
    "module_context": {
      "type": "object",
      "description": "Specific state data for specialized modules.",
      "properties": {
        "ebook_generator": {
          "type": "object",
          "properties": {
            "title": { "type": "string" },
            "status": { "type": "string", "enum": ["planning", "toc_approved", "writing", "completed"] },
            "toc": { 
              "type": "array", 
              "items": { "type": "string" } 
            },
            "current_chapter_index": { "type": "integer" },
            "total_chapters": { "type": "integer" }
          }
        },
        "web_designer": {
          "type": "object",
          "properties": {
            "sitemap": { "type": "array", "items": { "type": "string" } },
            "current_page": { "type": "string" },
            "design_system_summary": { "type": "string" }
          }
        }
      }
    },
    "notes": {
      "type": "string",
      "description": "Scratchpad for random thoughts or important user instructions."
    }
  },
  "required": ["project_info"]
}